{
    "avg_prec": 0.6027854824474879,
    "roc_auc": 0.9495861860112088
}